countryname,Year,infant_mortality,us_length,Autocracy,Democracy
Afghanistan,1987,135.7,1,-66,-66
Afghanistan,1988,131.3,2,-66,-66
Afghanistan,1989,126.8,3,8,0
Afghanistan,1990,122.5,4,8,0
Afghanistan,1991,118.3,5,8,0
Afghanistan,1992,114.4,6,-77,-77
Afghanistan,1993,110.9,7,-77,-77
Afghanistan,1994,107.7,8,-77,-77
Afghanistan,1995,105,9,-77,-77
Afghanistan,1996,102.7,10,7,0
Afghanistan,1997,100.7,11,7,0
Afghanistan,1998,98.9,12,7,0
Afghanistan,1999,97.2,13,7,0
Afghanistan,2000,95.4,14,7,0
Afghanistan,2001,93.4,15,-66,-66
Afghanistan,2002,91.2,16,-66,-66
Afghanistan,2003,89,16,-66,-66
Afghanistan,2004,86.7,16,-66,-66
Afghanistan,2005,84.4,16,-66,-66
Afghanistan,2006,82.3,16,-66,-66
Afghanistan,2007,80.4,16,-66,-66
Afghanistan,2008,78.6,16,-66,-66
Afghanistan,2009,76.8,16,-66,-66
Afghanistan,2010,75.1,16,-66,-66
Afghanistan,2011,73.4,16,-66,-66
Afghanistan,2012,71.7,16,-66,-66
Afghanistan,2013,69.9,16,-66,-66
Afghanistan,2014,68.1,16,2,1
Afghanistan,2015,66.3,16,2,1
Andorra,2001,3.7,1,NA,NA
Andorra,2002,3.5,2,NA,NA
Andorra,2003,3.3,3,NA,NA
Andorra,2004,3.2,4,NA,NA
Andorra,2005,3.1,5,NA,NA
Andorra,2006,2.9,6,NA,NA
Andorra,2007,2.8,7,NA,NA
Andorra,2008,2.7,8,NA,NA
Andorra,2009,2.6,9,NA,NA
Andorra,2010,2.5,9,NA,NA
Andorra,2011,2.4,9,NA,NA
Andorra,2012,2.3,9,NA,NA
Andorra,2013,2.2,9,NA,NA
Andorra,2014,2.1,9,NA,NA
Andorra,2015,2.1,9,NA,NA
Austria,2000,4.6,1,NA,NA
Austria,2001,4.5,2,NA,NA
Austria,2002,4.4,3,NA,NA
Austria,2003,4.3,4,NA,NA
Austria,2004,4.1,5,NA,NA
Austria,2005,4,6,NA,NA
Austria,2006,4,7,NA,NA
Austria,2007,3.8,8,NA,NA
Austria,2008,3.8,9,NA,NA
Austria,2009,3.7,10,NA,NA
Austria,2010,3.6,10,NA,NA
Austria,2011,3.4,10,NA,NA
Austria,2012,3.3,10,NA,NA
Austria,2013,3.2,10,NA,NA
Austria,2014,3,10,NA,NA
Austria,2015,2.9,10,NA,NA
Azerbaijan,1992,76,1,2,3
Azerbaijan,1993,76.2,2,4,1
Azerbaijan,1994,76.1,3,4,1
Azerbaijan,1995,75.2,4,6,0
Azerbaijan,1996,73.6,5,6,0
Azerbaijan,1997,71.2,6,6,0
Azerbaijan,1998,68.1,7,7,0
Azerbaijan,1999,64.5,8,7,0
Azerbaijan,2000,60.6,9,7,0
Azerbaijan,2001,56.8,10,7,0
Azerbaijan,2002,53.1,11,7,0
Azerbaijan,2003,49.7,11,7,0
Azerbaijan,2004,46.7,11,7,0
Azerbaijan,2005,44,11,7,0
Azerbaijan,2006,41.5,11,7,0
Azerbaijan,2007,39.3,11,7,0
Azerbaijan,2008,37.3,11,7,0
Azerbaijan,2009,35.5,11,7,0
Azerbaijan,2010,33.9,11,7,0
Azerbaijan,2011,32.5,11,7,0
Azerbaijan,2012,31.2,11,7,0
Azerbaijan,2013,30,11,7,0
Azerbaijan,2014,28.9,11,7,0
Azerbaijan,2015,27.9,11,7,0
Barbados,2002,15.3,1,NA,NA
Barbados,2003,15.3,2,NA,NA
Barbados,2004,15.3,3,NA,NA
Barbados,2005,15.1,4,NA,NA
Barbados,2006,14.9,5,NA,NA
Barbados,2007,14.5,6,NA,NA
Barbados,2008,14.2,7,NA,NA
Barbados,2009,13.9,8,NA,NA
Barbados,2010,13.6,8,NA,NA
Barbados,2011,13.3,8,NA,NA
Barbados,2012,13,8,NA,NA
Barbados,2013,12.7,8,NA,NA
Barbados,2014,12.3,8,NA,NA
Barbados,2015,12,8,NA,NA
Belize,1997,23.3,1,NA,NA
Belize,1998,22.5,1,NA,NA
Belize,1999,21.8,1,NA,NA
Belize,2000,21.1,1,NA,NA
Belize,2001,20.5,2,NA,NA
Belize,2002,19.9,3,NA,NA
Belize,2003,19.4,4,NA,NA
Belize,2004,18.9,4,NA,NA
Belize,2005,18.5,4,NA,NA
Belize,2006,18,4,NA,NA
Belize,2007,17.6,4,NA,NA
Belize,2008,17.2,4,NA,NA
Belize,2009,16.7,4,NA,NA
Belize,2010,16.3,4,NA,NA
Belize,2011,15.9,4,NA,NA
Belize,2012,15.5,4,NA,NA
Belize,2013,15.1,4,NA,NA
Belize,2014,14.6,4,NA,NA
Belize,2015,14.2,4,NA,NA
Benin,2002,85.2,1,0,6
Benin,2003,83,2,0,6
Benin,2004,80.8,3,0,6
Benin,2005,78.8,4,0,6
Benin,2006,76.9,4,0,7
Benin,2007,75.2,4,0,7
Benin,2008,73.7,4,0,7
Benin,2009,72.3,4,0,7
Benin,2010,71,4,0,7
Benin,2011,69.8,4,0,7
Benin,2012,68.5,4,0,7
Benin,2013,67.2,4,0,7
Benin,2014,65.7,4,0,7
Benin,2015,64.2,4,0,7
Bolivia,1994,74.8,1,0,9
Bolivia,1995,72.2,2,0,9
Bolivia,1996,69.5,3,0,9
Bolivia,1997,66.8,3,0,9
Bolivia,1998,64.1,3,0,9
Bolivia,1999,61.4,3,0,9
Bolivia,2000,58.8,3,0,9
Bolivia,2001,56.2,4,0,9
Bolivia,2002,53.7,5,0,9
Bolivia,2003,51.2,6,0,8
Bolivia,2004,48.8,7,0,8
Bolivia,2005,46.6,8,0,8
Bolivia,2006,44.4,9,0,8
Bolivia,2007,42.2,10,0,8
Bolivia,2008,40.2,11,0,8
Bolivia,2009,38.4,12,0,7
Bolivia,2010,36.8,12,0,7
Bolivia,2011,35.3,12,0,7
Bolivia,2012,34,12,0,7
Bolivia,2013,32.8,12,0,7
Bolivia,2014,31.7,12,0,7
Bolivia,2015,30.6,12,0,7
Bosnia and Herzegovina,2002,7.2,1,-66,-66
Bosnia and Herzegovina,2003,7,1,-66,-66
Bosnia and Herzegovina,2004,7,1,-66,-66
Bosnia and Herzegovina,2005,7.1,1,-66,-66
Bosnia and Herzegovina,2006,7.2,1,-66,-66
Bosnia and Herzegovina,2007,7.1,1,-66,-66
Bosnia and Herzegovina,2008,7,1,-66,-66
Bosnia and Herzegovina,2009,6.7,1,-66,-66
Bosnia and Herzegovina,2010,6.4,1,-66,-66
Bosnia and Herzegovina,2011,6.2,1,-66,-66
Bosnia and Herzegovina,2012,5.9,1,-66,-66
Bosnia and Herzegovina,2013,5.6,1,-66,-66
Bosnia and Herzegovina,2014,5.4,1,-66,-66
Bosnia and Herzegovina,2015,5.1,1,-66,-66
Botswana,2000,52.4,1,0,8
Botswana,2001,51.4,2,0,8
Botswana,2002,50.3,3,0,8
Botswana,2003,49.8,4,0,8
Botswana,2004,49.1,4,0,8
Botswana,2005,44.8,4,0,8
Botswana,2006,43.8,4,0,8
Botswana,2007,45.5,4,0,8
Botswana,2008,45.3,4,0,8
Botswana,2009,42.3,4,0,8
Botswana,2010,39.8,4,0,8
Botswana,2011,39.9,4,0,8
Botswana,2012,38.2,4,0,8
Botswana,2013,36.4,4,0,8
Botswana,2014,35.6,4,0,8
Botswana,2015,34.8,4,0,8
Brazil,2002,24.3,1,0,8
Brazil,2003,22.5,2,0,8
Brazil,2004,21,3,0,8
Brazil,2005,19.5,4,0,8
Brazil,2006,18.2,5,0,8
Brazil,2007,17.1,6,0,8
Brazil,2008,16.2,7,0,8
Brazil,2009,15.4,8,0,8
Brazil,2010,14.8,8,0,8
Brazil,2011,14.4,8,0,8
Brazil,2012,14.3,8,0,8
Brazil,2013,14.3,8,0,8
Brazil,2014,14.4,8,0,8
Brazil,2015,14.6,8,0,8
Bulgaria,2002,16.3,1,0,9
Bulgaria,2003,15.5,1,0,9
Bulgaria,2004,14.6,1,0,9
Bulgaria,2005,13.6,1,0,9
Bulgaria,2006,12.9,1,0,9
Bulgaria,2007,12.3,1,0,9
Bulgaria,2008,11.8,1,0,9
Bulgaria,2009,11.5,1,0,9
Bulgaria,2010,11.2,1,0,9
Bulgaria,2011,10.9,1,0,9
Bulgaria,2012,10.5,1,0,9
Bulgaria,2013,10.1,1,0,9
Bulgaria,2014,9.7,1,0,9
Bulgaria,2015,9.3,1,0,9
Burkina Faso,2000,96.2,1,3,0
Burkina Faso,2001,95,1,2,2
Burkina Faso,2002,93.4,1,2,2
Burkina Faso,2003,91.4,1,2,2
Burkina Faso,2004,88.9,1,2,2
Burkina Faso,2005,86,1,2,2
Burkina Faso,2006,82.7,1,2,2
Burkina Faso,2007,79.2,1,2,2
Burkina Faso,2008,75.8,1,2,2
Burkina Faso,2009,72.5,1,2,2
Burkina Faso,2010,69.7,1,2,2
Burkina Faso,2011,67.3,1,2,2
Burkina Faso,2012,65.4,1,2,2
Burkina Faso,2013,63.7,1,2,2
Burkina Faso,2014,62.2,1,2,2
Burkina Faso,2015,60.9,1,1,7
Cambodia,1998,87.1,1,1,3
Cambodia,1999,84.5,2,1,3
Cambodia,2000,80.4,3,1,3
Cambodia,2001,74.7,4,1,3
Cambodia,2002,68.3,4,1,3
Cambodia,2003,62.3,5,1,3
Cambodia,2004,57.4,6,1,3
Cambodia,2005,53.3,7,1,3
Cambodia,2006,49.8,7,1,3
Cambodia,2007,46.5,7,1,3
Cambodia,2008,43.3,7,1,3
Cambodia,2009,40,7,1,3
Cambodia,2010,36.7,7,1,3
Cambodia,2011,33.6,7,1,3
Cambodia,2012,30.7,7,1,3
Cambodia,2013,28.3,7,1,3
Cambodia,2014,26.3,7,1,3
Cambodia,2015,24.6,7,1,3
Cameroon,1992,88.2,1,5,1
Cameroon,1993,89.9,2,5,1
Cameroon,1994,91.5,3,5,1
Cameroon,1995,93,4,5,1
Cameroon,1996,94.1,5,5,1
Cameroon,1997,94.7,6,5,1
Cameroon,1998,94.7,7,5,1
Cameroon,1999,93.8,7,5,1
Cameroon,2000,91.9,7,5,1
Cameroon,2001,89.3,7,5,1
Cameroon,2002,86.2,7,5,1
Cameroon,2003,83.1,7,5,1
Cameroon,2004,80.3,7,5,1
Cameroon,2005,77.8,7,5,1
Cameroon,2006,75.3,7,5,1
Cameroon,2007,73.1,7,5,1
Cameroon,2008,70.8,7,5,1
Cameroon,2009,68.8,7,5,1
Cameroon,2010,66.2,7,5,1
Cameroon,2011,64.4,7,5,1
Cameroon,2012,62.4,7,5,1
Cameroon,2013,60.4,7,5,1
Cameroon,2014,58.6,7,5,1
Cameroon,2015,57.1,7,5,1
Central African Republic,2001,112.9,1,0,5
Central African Republic,2002,112.1,2,0,5
Central African Republic,2003,111.3,3,2,1
Central African Republic,2004,110.4,4,2,1
Central African Republic,2005,109.3,4,2,1
Central African Republic,2006,108.1,4,2,1
Central African Republic,2007,106.9,4,2,1
Central African Republic,2008,105.5,4,2,1
Central African Republic,2009,103.6,4,2,1
Central African Republic,2010,101.7,4,2,1
Central African Republic,2011,99.7,4,2,1
Central African Republic,2012,97.7,4,2,1
Central African Republic,2013,96.1,4,-77,-77
Central African Republic,2014,93.5,4,-77,-77
Central African Republic,2015,91.5,4,-77,-77
Chad,2010,93.6,1,3,1
Chad,2011,91.9,1,3,1
Chad,2012,90.2,1,3,1
Chad,2013,88.4,1,3,1
Chad,2014,86.7,1,3,1
Chad,2015,85,1,3,1
Chile,1980,28.2,8,7,0
Chile,1981,25.6,9,7,0
Chile,1982,22.9,10,7,0
Chile,1983,20.8,11,6,0
Chile,1984,19.5,12,6,0
Chile,1985,18.9,13,6,0
Chile,1986,18.6,14,NA,NA
Chile,1987,18.4,15,6,0
Chile,1988,18,16,3,2
Chile,1989,17.1,17,0,8
Chile,1990,16,18,0,8
Chile,1991,14.8,18,0,8
Chile,1992,13.7,18,0,8
Chile,1993,12.7,18,0,8
Chile,1994,11.7,18,0,8
Chile,1995,11,18,0,8
Chile,1996,10.5,18,0,8
Chile,1997,10.2,18,0,8
Chile,1998,10.1,18,0,8
Chile,1999,9.6,18,0,8
Chile,2000,9.2,18,0,9
Chile,2001,8.7,18,0,9
Chile,2002,8.3,18,0,9
Chile,2003,8,18,0,9
Chile,2004,7.9,18,0,9
Chile,2005,7.7,18,0,9
Chile,2006,7.6,18,0,10
Chile,2007,7.6,18,0,10
Chile,2008,7.6,18,0,10
Chile,2009,7.5,18,0,10
Chile,2010,7.6,18,0,10
Chile,2011,7.5,18,0,10
Chile,2012,7.4,18,0,10
Chile,2013,7.3,18,0,10
Chile,2014,7.2,18,0,10
Chile,2015,7,18,0,10
China,1991,41.8,1,7,0
China,1992,41.2,1,7,0
China,1993,40.2,1,7,0
China,1994,39,1,7,0
China,1995,37.7,1,7,0
China,1996,36.4,1,7,0
China,1997,35,1,7,0
China,1998,33.5,1,7,0
China,1999,31.9,1,7,0
China,2000,30.2,1,7,0
China,2001,28.3,1,7,0
China,2002,26.2,1,7,0
China,2003,24.2,1,7,0
China,2004,22.2,1,7,0
China,2005,20.3,1,7,0
China,2006,18.7,1,7,0
China,2007,17.2,1,7,0
China,2008,15.8,1,7,0
China,2009,14.6,1,7,0
China,2010,13.5,1,7,0
China,2011,12.5,1,7,0
China,2012,11.5,1,7,0
China,2013,10.6,1,7,0
China,2014,9.8,2,7,0
China,2015,9.2,3,7,0
Colombia,1994,25.8,1,0,9
Colombia,1995,25,2,0,7
Colombia,1996,24.2,3,0,7
Colombia,1997,23.4,4,0,7
Colombia,1998,22.6,5,0,7
Colombia,1999,21.9,5,0,7
Colombia,2000,21.2,5,0,7
Colombia,2001,20.6,5,0,7
Colombia,2002,20,5,0,7
Colombia,2003,19.4,5,0,7
Colombia,2004,18.9,5,0,7
Colombia,2005,18.4,5,0,7
Colombia,2006,17.8,5,0,7
Colombia,2007,17.3,5,0,7
Colombia,2008,16.9,5,0,7
Colombia,2009,16.4,5,0,7
Colombia,2010,15.9,5,0,7
Colombia,2011,15.4,5,0,7
Colombia,2012,14.9,5,0,7
Colombia,2013,14.5,5,0,7
Colombia,2014,14.1,5,0,7
Colombia,2015,13.6,5,0,7
Costa Rica,2001,10.5,1,0,10
Costa Rica,2002,10,2,0,10
Costa Rica,2003,9.5,3,0,10
Costa Rica,2004,9.2,4,0,10
Costa Rica,2005,9,5,0,10
Costa Rica,2006,8.9,6,0,10
Costa Rica,2007,8.9,7,0,10
Costa Rica,2008,8.9,8,0,10
Costa Rica,2009,8.9,9,0,10
Costa Rica,2010,8.9,9,0,10
Costa Rica,2011,8.8,9,0,10
Costa Rica,2012,8.8,9,0,10
Costa Rica,2013,8.7,9,0,10
Costa Rica,2014,8.6,9,0,10
Costa Rica,2015,8.5,9,0,10
Croatia,2001,6.9,1,0,8
Croatia,2002,6.6,2,0,8
Croatia,2003,6.3,3,0,8
Croatia,2004,6.1,4,0,8
Croatia,2005,5.8,5,0,9
Croatia,2006,5.6,6,0,9
Croatia,2007,5.3,7,0,9
Croatia,2008,5,8,0,9
Croatia,2009,4.8,9,0,9
Croatia,2010,4.6,9,0,9
Croatia,2011,4.3,9,0,9
Croatia,2012,4.1,9,0,9
Croatia,2013,4,9,0,9
Croatia,2014,3.8,9,0,9
Croatia,2015,3.6,9,0,9
Cyprus,2002,4.7,1,0,10
Cyprus,2003,4.4,2,0,10
Cyprus,2004,4.2,3,0,10
Cyprus,2005,3.9,4,0,10
Cyprus,2006,3.7,5,0,10
Cyprus,2007,3.5,6,0,10
Cyprus,2008,3.3,7,0,10
Cyprus,2009,3.1,8,0,10
Cyprus,2010,3,8,0,10
Cyprus,2011,2.9,8,0,10
Cyprus,2012,2.8,8,0,10
Cyprus,2013,2.7,8,0,10
Cyprus,2014,2.6,8,0,10
Cyprus,2015,2.5,8,0,10
Djibouti,2002,76.4,1,1,3
Djibouti,2003,74.6,1,1,3
Djibouti,2004,72.9,1,1,3
Djibouti,2005,71.1,1,1,3
Djibouti,2006,69.4,1,1,3
Djibouti,2007,67.5,1,1,3
Djibouti,2008,65.7,1,1,3
Djibouti,2009,63.9,1,1,3
Djibouti,2010,62.2,1,1,3
Djibouti,2011,60.5,1,1,3
Djibouti,2012,58.9,1,1,3
Djibouti,2013,57.4,1,0,3
Djibouti,2014,55.8,1,0,3
Djibouti,2015,54.2,1,0,3
Dominica,2001,13.4,1,NA,NA
Dominica,2002,13.4,2,NA,NA
Dominica,2003,13.4,3,NA,NA
Dominica,2004,13.7,4,NA,NA
Dominica,2005,14,4,NA,NA
Dominica,2006,14.4,4,NA,NA
Dominica,2007,14.9,4,NA,NA
Dominica,2008,15.5,4,NA,NA
Dominica,2009,16.3,4,NA,NA
Dominica,2010,17.2,4,NA,NA
Dominica,2011,17.9,4,NA,NA
Dominica,2012,18.7,4,NA,NA
Dominica,2013,19.3,4,NA,NA
Dominica,2014,19.5,4,NA,NA
Dominica,2015,19.6,4,NA,NA
Ecuador,1995,35.2,1,0,9
Ecuador,1996,33.6,2,0,9
Ecuador,1997,32.1,3,0,8
Ecuador,1998,30.7,4,0,9
Ecuador,1999,29.5,4,0,9
Ecuador,2000,28.4,4,0,6
Ecuador,2001,27.4,4,0,6
Ecuador,2002,26.5,4,0,6
Ecuador,2003,25.7,5,0,6
Ecuador,2004,25,6,0,6
Ecuador,2005,24.3,7,0,6
Ecuador,2006,23.7,8,0,7
Ecuador,2007,23.1,9,0,5
Ecuador,2008,22.5,10,0,5
Ecuador,2009,21.9,11,0,5
Ecuador,2010,21.3,11,0,5
Ecuador,2011,20.7,11,0,5
Ecuador,2012,20.1,11,0,5
Ecuador,2013,19.5,11,1,6
Ecuador,2014,19,11,1,6
Ecuador,2015,18.4,11,1,6
El Salvador,1989,48.2,1,0,6
El Salvador,1990,45.9,2,0,6
El Salvador,1991,43.8,3,0,10
El Salvador,1992,41.7,4,0,10
El Salvador,1993,39.7,5,0,10
El Salvador,1994,37.6,5,0,10
El Salvador,1995,35.6,5,0,10
El Salvador,1996,33.7,5,0,10
El Salvador,1997,31.8,5,0,10
El Salvador,1998,30,5,0,10
El Salvador,1999,28.4,5,0,10
El Salvador,2000,26.8,5,0,10
El Salvador,2001,25.5,5,0,10
El Salvador,2002,24.2,5,0,10
El Salvador,2003,23.1,5,0,10
El Salvador,2004,22,5,0,10
El Salvador,2005,20.9,5,0,10
El Salvador,2006,20,5,0,10
El Salvador,2007,19.2,5,0,10
El Salvador,2008,18.4,5,0,10
El Salvador,2009,17.7,5,0,10
El Salvador,2010,17.1,5,0,10
El Salvador,2011,16.5,5,0,10
El Salvador,2012,16,5,0,10
El Salvador,2013,15.4,5,0,10
El Salvador,2014,14.9,5,0,10
El Salvador,2015,14.4,5,0,10
Estonia,2002,7.5,1,0,9
Estonia,2003,6.9,1,0,9
Estonia,2004,6.3,1,0,9
Estonia,2005,5.8,1,0,9
Estonia,2006,5.3,1,0,9
Estonia,2007,4.8,1,0,9
Estonia,2008,4.4,1,0,9
Estonia,2009,4,1,0,9
Estonia,2010,3.6,1,0,9
Estonia,2011,3.2,1,0,9
Estonia,2012,2.9,1,0,9
Estonia,2013,2.7,1,0,9
Estonia,2014,2.5,1,0,9
Estonia,2015,2.3,1,0,9
Fiji,2000,20.8,1,-88,-88
Fiji,2001,20.5,2,1,6
Fiji,2002,20.3,3,1,6
Fiji,2003,20.1,4,1,6
Fiji,2004,20.1,4,1,7
Fiji,2005,20.1,4,1,7
Fiji,2006,20.2,4,3,0
Fiji,2007,20.3,4,4,0
Fiji,2008,20.3,4,4,0
Fiji,2009,20.3,4,4,0
Fiji,2010,20.3,4,4,0
Fiji,2011,20.1,4,4,0
Fiji,2012,20,4,4,0
Fiji,2013,19.7,4,4,0
Fiji,2014,19.4,4,1,3
Fiji,2015,19.1,4,1,3
Finland,2000,3.5,1,0,10
Finland,2001,3.4,2,0,10
Finland,2002,3.4,3,0,10
Finland,2003,3.3,4,0,10
Finland,2004,3.2,5,0,10
Finland,2005,3.1,6,0,10
Finland,2006,2.9,7,0,10
Finland,2007,2.9,8,0,10
Finland,2008,2.7,9,0,10
Finland,2009,2.6,10,0,10
Finland,2010,2.5,10,0,10
Finland,2011,2.4,10,0,10
Finland,2012,2.2,10,0,10
Finland,2013,2.1,10,0,10
Finland,2014,2,10,0,10
Finland,2015,1.9,10,0,10
Gabon,2000,55.6,1,4,0
Gabon,2001,54.7,2,4,0
Gabon,2002,53.7,3,4,0
Gabon,2003,52.6,4,4,0
Gabon,2004,51.4,4,4,0
Gabon,2005,50.2,4,4,0
Gabon,2006,49,4,4,0
Gabon,2007,47.4,4,4,0
Gabon,2008,45.7,4,4,0
Gabon,2009,44.2,4,1,4
Gabon,2010,42.8,4,1,4
Gabon,2011,41.3,4,1,4
Gabon,2012,39.7,4,1,4
Gabon,2013,38,4,1,4
Gabon,2014,37,4,1,4
Gabon,2015,36.1,4,1,4
Ghana,2000,64.9,1,1,3
Ghana,2001,63,2,1,7
Ghana,2002,61.2,3,1,7
Ghana,2003,59.6,4,1,7
Ghana,2004,58.1,4,0,8
Ghana,2005,56.8,4,0,8
Ghana,2006,55.6,4,0,8
Ghana,2007,54.4,4,0,8
Ghana,2008,53.1,4,0,8
Ghana,2009,51.7,4,0,8
Ghana,2010,50.2,4,0,8
Ghana,2011,48.6,4,0,8
Ghana,2012,47,4,0,8
Ghana,2013,45.5,4,0,8
Ghana,2014,44.2,4,0,8
Ghana,2015,42.8,4,0,8
Guatemala,1990,59.8,1,1,4
Guatemala,1991,57.3,2,1,4
Guatemala,1992,55,3,1,4
Guatemala,1993,52.7,4,1,4
Guatemala,1994,50.6,5,1,4
Guatemala,1995,48.5,6,1,4
Guatemala,1996,46.6,7,0,8
Guatemala,1997,44.7,8,0,8
Guatemala,1998,43,9,0,8
Guatemala,1999,41.4,10,0,8
Guatemala,2000,39.9,11,0,8
Guatemala,2001,38.5,12,0,8
Guatemala,2002,37.1,13,0,8
Guatemala,2003,35.9,14,0,8
Guatemala,2004,34.6,15,0,8
Guatemala,2005,33.5,16,0,8
Guatemala,2006,32.3,16,0,8
Guatemala,2007,31.2,16,0,8
Guatemala,2008,30.2,16,0,8
Guatemala,2009,29.3,16,0,8
Guatemala,2010,28.4,16,0,8
Guatemala,2011,27.5,16,0,8
Guatemala,2012,26.6,16,0,8
Guatemala,2013,25.9,16,0,8
Guatemala,2014,25.1,16,0,8
Guatemala,2015,24.3,16,1,9
Guinea,2003,91.7,1,2,1
Guinea,2004,88.2,1,2,1
Guinea,2005,84.9,1,2,1
Guinea,2006,81.9,1,2,1
Guinea,2007,79,1,2,1
Guinea,2008,76.3,1,2,1
Guinea,2009,73.7,1,2,1
Guinea,2010,71.2,1,2,3
Guinea,2011,68.9,1,2,3
Guinea,2012,66.8,1,2,3
Guinea,2013,64.7,1,0,4
Guinea,2014,62.8,1,0,4
Guinea,2015,61,1,0,4
Haiti,1987,108.8,1,-88,-88
Haiti,1988,106.1,2,7,0
Haiti,1989,103.5,3,6,0
Haiti,1990,101,4,0,7
Haiti,1991,98.4,4,7,0
Haiti,1992,95.8,4,7,0
Haiti,1993,93.1,4,7,0
Haiti,1994,90.4,4,0,7
Haiti,1995,87.8,5,0,7
Haiti,1996,85.1,6,0,7
Haiti,1997,82.4,7,0,7
Haiti,1998,79.9,8,0,7
Haiti,1999,77.4,16,-88,-88
Haiti,2000,75,17,3,1
Haiti,2001,72.8,18,3,1
Haiti,2002,70.7,19,3,1
Haiti,2003,68.9,20,3,1
Haiti,2004,67.2,21,-88,-88
Haiti,2005,65.6,21,-88,-88
Haiti,2006,64.1,21,1,6
Haiti,2007,62.7,21,1,6
Haiti,2008,61.3,21,1,6
Haiti,2009,60,21,1,6
Haiti,2010,85.5,21,-77,-77
Haiti,2011,57.5,21,-77,-77
Haiti,2012,56.2,21,-77,-77
Haiti,2013,54.8,21,-77,-77
Haiti,2014,53.5,21,-77,-77
Haiti,2015,52.2,21,-77,-77
Honduras,2002,28.2,1,0,7
Honduras,2003,27.1,1,0,7
Honduras,2004,26,1,0,7
Honduras,2005,25,1,0,7
Honduras,2006,24.1,1,0,7
Honduras,2007,23.2,1,0,7
Honduras,2008,22.3,1,0,7
Honduras,2009,21.4,1,0,7
Honduras,2010,20.7,1,0,7
Honduras,2011,19.9,1,0,7
Honduras,2012,19.2,1,0,7
Honduras,2013,18.6,1,0,7
Honduras,2014,18,1,0,7
Honduras,2015,17.4,1,0,7
India,1992,83.9,1,0,8
India,1993,81.7,2,0,8
India,1994,79.6,3,0,8
India,1995,77.5,3,0,9
India,1996,75.4,3,0,9
India,1997,73.1,3,0,9
India,1998,70.9,3,0,9
India,1999,68.6,3,0,9
India,2000,66.4,3,0,9
India,2001,64.2,3,0,9
India,2002,62,3,0,9
India,2003,59.9,3,0,9
India,2004,57.8,3,0,9
India,2005,55.8,3,0,9
India,2006,53.9,4,0,9
India,2007,51.9,5,0,9
India,2008,50,6,0,9
India,2009,48.2,7,0,9
India,2010,46.3,7,0,9
India,2011,44.4,7,0,9
India,2012,42.6,7,0,9
India,2013,40.9,7,0,9
India,2014,39.3,7,0,9
India,2015,37.9,7,0,9
Iraq,1984,48.7,1,9,0
Iraq,1985,47.4,2,9,0
Iraq,1986,46.1,3,NA,NA
Iraq,1987,45.1,4,9,0
Iraq,1988,44,5,9,0
Iraq,1989,43.1,6,9,0
Iraq,1990,42.3,7,9,0
Iraq,1991,41.6,8,9,0
Iraq,1992,40.8,9,9,0
Iraq,1993,40.2,10,9,0
Iraq,1994,39.5,11,9,0
Iraq,1995,38.9,12,9,0
Iraq,1996,38.3,13,9,0
Iraq,1997,37.6,14,9,0
Iraq,1998,37,15,9,0
Iraq,1999,36.4,16,9,0
Iraq,2000,35.8,17,9,0
Iraq,2001,35.2,18,9,0
Iraq,2002,34.6,19,9,0
Iraq,2003,34.1,20,-66,-66
Iraq,2004,33.5,20,-66,-66
Iraq,2005,33,20,-66,-66
Iraq,2006,32.4,20,-66,-66
Iraq,2007,31.8,20,-66,-66
Iraq,2008,31.2,20,-66,-66
Iraq,2009,30.6,20,-66,-66
Iraq,2010,30,20,1,4
Iraq,2011,29.3,20,1,4
Iraq,2012,28.7,20,1,4
Iraq,2013,27.9,20,1,4
Iraq,2014,27.2,20,0,6
Iraq,2015,26.5,20,0,6
Ireland,2002,5.4,1,0,10
Ireland,2003,5.1,2,0,10
Ireland,2004,4.7,3,0,10
Ireland,2005,4.4,4,0,10
Ireland,2006,4.1,5,0,10
Ireland,2007,3.9,6,0,10
Ireland,2008,3.8,7,0,10
Ireland,2009,3.6,8,0,10
Ireland,2010,3.5,8,0,10
Ireland,2011,3.4,8,0,10
Ireland,2012,3.4,8,0,10
Ireland,2013,3.2,8,0,10
Ireland,2014,3.1,8,0,10
Ireland,2015,3,8,0,10
Israel,2003,4.9,1,1,7
Israel,2004,4.7,1,1,7
Israel,2005,4.5,1,1,7
Israel,2006,4.3,1,1,7
Israel,2007,4.1,1,1,7
Israel,2008,3.9,1,1,7
Israel,2009,3.8,1,1,7
Israel,2010,3.7,1,1,7
Israel,2011,3.5,1,1,7
Israel,2012,3.4,1,1,7
Israel,2013,3.3,1,1,7
Israel,2014,3.3,1,1,7
Israel,2015,3.2,1,1,7
Jordan,1990,30,1,5,1
Jordan,1991,29.1,2,5,1
Jordan,1992,28.3,3,4,2
Jordan,1993,27.5,4,4,2
Jordan,1994,26.8,5,4,2
Jordan,1995,26.2,5,4,2
Jordan,1996,25.5,5,4,2
Jordan,1997,24.9,5,4,2
Jordan,1998,24.3,5,4,2
Jordan,1999,23.8,5,4,2
Jordan,2000,23.2,5,4,2
Jordan,2001,22.6,5,4,2
Jordan,2002,22.1,5,4,2
Jordan,2003,21.5,5,4,2
Jordan,2004,20.9,5,4,2
Jordan,2005,20.4,6,4,2
Jordan,2006,19.9,7,4,2
Jordan,2007,19.3,8,5,2
Jordan,2008,18.8,9,5,2
Jordan,2009,18.3,10,5,2
Jordan,2010,17.8,10,5,2
Jordan,2011,17.3,10,5,2
Jordan,2012,16.8,10,5,2
Jordan,2013,16.3,10,5,2
Jordan,2014,15.8,10,5,2
Jordan,2015,15.4,10,5,2
Kenya,2005,54.3,1,0,8
Kenya,2006,51.8,2,0,8
Kenya,2007,49.5,3,0,7
Kenya,2008,46.2,4,0,7
Kenya,2009,44.3,5,0,7
Kenya,2010,42.4,5,0,8
Kenya,2011,40.3,5,0,8
Kenya,2012,39.2,5,0,8
Kenya,2013,38,5,0,9
Kenya,2014,36.6,5,0,9
Kenya,2015,35.5,5,0,9
Kuwait,1991,15.3,1,9,0
Kuwait,1992,14,1,7,0
Kuwait,1993,13.5,1,7,0
Kuwait,1994,13.1,1,7,0
Kuwait,1995,12.7,1,7,0
Kuwait,1996,12.3,1,7,0
Kuwait,1997,11.9,1,7,0
Kuwait,1998,11.5,1,7,0
Kuwait,1999,11.1,1,7,0
Kuwait,2000,10.9,1,7,0
Kuwait,2001,10.7,1,7,0
Kuwait,2002,10.6,1,7,0
Kuwait,2003,10.4,1,7,0
Kuwait,2004,10.3,1,7,0
Kuwait,2005,10.1,1,7,0
Kuwait,2006,10,1,7,0
Kuwait,2007,9.8,1,7,0
Kuwait,2008,9.7,1,7,0
Kuwait,2009,9.5,1,7,0
Kuwait,2010,9.2,1,7,0
Kuwait,2011,8.9,1,7,0
Kuwait,2012,8.5,1,7,0
Kuwait,2013,8.1,1,7,0
Kuwait,2014,7.7,1,7,0
Kuwait,2015,7.3,1,7,0
Latvia,2002,12.8,1,0,8
Latvia,2003,12.2,1,0,8
Latvia,2004,11.4,1,0,8
Latvia,2005,10.7,1,0,8
Latvia,2006,10.1,1,0,8
Latvia,2007,9.6,1,0,8
Latvia,2008,9.1,1,0,8
Latvia,2009,8.6,1,0,8
Latvia,2010,8.2,1,0,8
Latvia,2011,7.8,1,0,8
Latvia,2012,7.6,1,0,8
Latvia,2013,7.4,1,0,8
Latvia,2014,7.2,1,0,8
Latvia,2015,6.9,1,0,8
Lebanon,1984,35,1,-77,-77
Lebanon,1985,33.6,2,-77,-77
Lebanon,1986,32.2,3,NA,NA
Lebanon,1987,30.8,4,-77,-77
Lebanon,1988,29.4,5,-77,-77
Lebanon,1989,28.2,6,-77,-77
Lebanon,1990,26.9,14,-66,-66
Lebanon,1991,25.8,15,-66,-66
Lebanon,1992,24.7,16,-66,-66
Lebanon,1993,23.7,17,-66,-66
Lebanon,1994,22.7,18,-66,-66
Lebanon,1995,21.8,19,-66,-66
Lebanon,1996,20.8,20,-66,-66
Lebanon,1997,19.9,21,-66,-66
Lebanon,1998,19,21,-66,-66
Lebanon,1999,18.1,21,-66,-66
Lebanon,2000,17.1,21,-66,-66
Lebanon,2001,16.1,21,-66,-66
Lebanon,2002,15.1,21,-66,-66
Lebanon,2003,14.1,21,-66,-66
Lebanon,2004,13.1,21,-66,-66
Lebanon,2005,12.1,21,0,6
Lebanon,2006,11.2,21,0,6
Lebanon,2007,10.4,21,0,6
Lebanon,2008,9.7,21,0,6
Lebanon,2009,9.2,21,0,6
Lebanon,2010,8.7,21,0,6
Lebanon,2011,8.3,21,0,6
Lebanon,2012,7.9,21,0,6
Lebanon,2013,7.6,21,0,6
Lebanon,2014,7.3,21,0,6
Lebanon,2015,7.1,21,0,6
Lesotho,2000,84.1,1,-88,-88
Lesotho,2001,85.2,2,-88,-88
Lesotho,2002,86.3,3,0,8
Lesotho,2003,87.3,4,0,8
Lesotho,2004,87.9,5,0,8
Lesotho,2005,88.1,6,0,8
Lesotho,2006,87.5,7,0,8
Lesotho,2007,84.3,7,0,8
Lesotho,2008,84.5,7,0,8
Lesotho,2009,78.8,7,0,8
Lesotho,2010,75.2,7,0,8
Lesotho,2011,71.9,7,0,8
Lesotho,2012,72.3,7,1,9
Lesotho,2013,71.9,7,1,9
Lesotho,2014,70.5,7,1,9
Lesotho,2015,69.2,7,1,9
Liechtenstein,2001,NA,1,NA,NA
Liechtenstein,2002,NA,2,NA,NA
Liechtenstein,2003,NA,3,NA,NA
Liechtenstein,2004,NA,4,NA,NA
Liechtenstein,2005,NA,5,NA,NA
Liechtenstein,2006,NA,6,NA,NA
Liechtenstein,2007,NA,7,NA,NA
Liechtenstein,2008,NA,8,NA,NA
Liechtenstein,2009,NA,9,NA,NA
Liechtenstein,2010,NA,9,NA,NA
Liechtenstein,2011,NA,9,NA,NA
Liechtenstein,2012,NA,9,NA,NA
Liechtenstein,2013,NA,9,NA,NA
Liechtenstein,2014,NA,9,NA,NA
Liechtenstein,2015,NA,9,NA,NA
Malawi,2002,88.8,1,1,5
Malawi,2003,81.6,1,1,6
Malawi,2004,75.5,1,1,7
Malawi,2005,70.7,1,0,6
Malawi,2006,67.1,1,0,6
Malawi,2007,64.5,1,0,6
Malawi,2008,61.7,1,0,6
Malawi,2009,59.6,1,0,6
Malawi,2010,57.5,1,0,6
Malawi,2011,53.8,1,0,6
Malawi,2012,50.2,1,0,6
Malawi,2013,47.3,1,0,6
Malawi,2014,45.1,1,0,6
Malawi,2015,43.4,1,0,6
Mali,2000,116,1,0,6
Mali,2001,112.6,2,0,6
Mali,2002,108.8,3,0,7
Mali,2003,104.7,4,0,7
Mali,2004,100.6,5,0,7
Mali,2005,96.7,6,0,7
Mali,2006,93.2,7,0,7
Mali,2007,90.1,8,0,7
Mali,2008,87.5,9,0,7
Mali,2009,85,10,0,7
Mali,2010,82.9,10,0,7
Mali,2011,81,10,0,7
Mali,2012,79.2,10,-77,-77
Mali,2013,77.6,10,1,6
Mali,2014,75.9,10,1,6
Mali,2015,74.5,10,1,6
Malta,2002,6.4,1,NA,NA
Malta,2003,6.2,2,NA,NA
Malta,2004,6.1,3,NA,NA
Malta,2005,6,4,NA,NA
Malta,2006,5.9,5,NA,NA
Malta,2007,5.9,6,NA,NA
Malta,2008,5.8,7,NA,NA
Malta,2009,5.7,8,NA,NA
Malta,2010,5.6,8,NA,NA
Malta,2011,5.6,8,NA,NA
Malta,2012,5.5,8,NA,NA
Malta,2013,5.3,8,NA,NA
Malta,2014,5.2,8,NA,NA
Malta,2015,5.1,8,NA,NA
Marshall Islands,2000,33.5,1,NA,NA
Marshall Islands,2001,33.3,2,NA,NA
Marshall Islands,2002,33.2,3,NA,NA
Marshall Islands,2003,33,4,NA,NA
Marshall Islands,2004,32.7,4,NA,NA
Marshall Islands,2005,32.5,4,NA,NA
Marshall Islands,2006,32.4,4,NA,NA
Marshall Islands,2007,32.2,4,NA,NA
Marshall Islands,2008,32.1,4,NA,NA
Marshall Islands,2009,31.9,4,NA,NA
Marshall Islands,2010,31.8,4,NA,NA
Marshall Islands,2011,31.6,4,NA,NA
Marshall Islands,2012,31.2,4,NA,NA
Marshall Islands,2013,30.8,4,NA,NA
Marshall Islands,2014,30.2,4,NA,NA
Marshall Islands,2015,29.6,4,NA,NA
Mauritius,2002,14.2,1,NA,NA
Mauritius,2003,13.8,1,NA,NA
Mauritius,2004,13.7,1,NA,NA
Mauritius,2005,13.8,1,NA,NA
Mauritius,2006,14,1,NA,NA
Mauritius,2007,14.1,1,NA,NA
Mauritius,2008,13.9,1,NA,NA
Mauritius,2009,13.6,1,NA,NA
Mauritius,2010,13.3,1,NA,NA
Mauritius,2011,13.1,1,NA,NA
Mauritius,2012,12.8,1,NA,NA
Mauritius,2013,12.6,1,NA,NA
Mauritius,2014,12.2,1,NA,NA
Mauritius,2015,11.8,1,NA,NA
Mexico,2005,16.7,1,0,8
Mexico,2006,16.2,2,0,8
Mexico,2007,15.8,3,0,8
Mexico,2008,15.4,4,0,8
Mexico,2009,15,5,0,8
Mexico,2010,14.4,5,0,8
Mexico,2011,13.8,5,0,8
Mexico,2012,13.1,5,0,8
Mexico,2013,12.5,5,0,8
Mexico,2014,11.9,5,0,8
Mexico,2015,11.3,5,0,8
Mongolia,2002,42.5,1,NA,NA
Mongolia,2003,39.8,1,NA,NA
Mongolia,2004,37.3,1,NA,NA
Mongolia,2005,34.9,1,NA,NA
Mongolia,2006,32.7,1,NA,NA
Mongolia,2007,30.6,1,NA,NA
Mongolia,2008,28.6,1,NA,NA
Mongolia,2009,26.8,1,NA,NA
Mongolia,2010,25,1,NA,NA
Mongolia,2011,23.4,1,NA,NA
Mongolia,2012,22.1,1,NA,NA
Mongolia,2013,20.9,1,NA,NA
Mongolia,2014,19.9,1,NA,NA
Mongolia,2015,19,1,NA,NA
Montenegro,2006,8.8,1,0,9
Montenegro,2007,8.2,1,0,9
Montenegro,2008,7.4,1,0,9
Montenegro,2009,6.8,1,0,9
Montenegro,2010,6.3,1,0,9
Montenegro,2011,5.7,1,0,9
Montenegro,2012,5.3,1,0,9
Montenegro,2013,4.9,1,0,9
Montenegro,2014,4.6,1,0,9
Montenegro,2015,4.3,1,0,9
Myanmar,1989,80.1,1,6,0
Myanmar,1990,78.3,2,7,0
Myanmar,1991,76.4,3,7,0
Myanmar,1992,74.6,4,7,0
Myanmar,1993,72.7,5,7,0
Myanmar,1994,70.8,6,7,0
Myanmar,1995,69,7,7,0
Myanmar,1996,67.3,8,7,0
Myanmar,1997,65.6,9,7,0
Myanmar,1998,63.9,10,7,0
Myanmar,1999,62.3,11,7,0
Myanmar,2000,60.7,12,7,0
Myanmar,2001,59.2,13,7,0
Myanmar,2002,57.7,14,7,0
Myanmar,2003,56.2,15,7,0
Myanmar,2004,54.7,16,8,0
Myanmar,2005,53.2,17,8,0
Myanmar,2006,51.7,18,8,0
Myanmar,2007,50.2,19,8,0
Myanmar,2008,53.4,20,6,0
Myanmar,2009,47.3,21,6,0
Myanmar,2010,45.8,22,6,0
Myanmar,2011,44.5,23,3,0
Myanmar,2012,43.2,24,3,0
Myanmar,2013,41.9,24,3,0
Myanmar,2014,40.7,24,3,0
Myanmar,2015,39.5,24,-88,-88
Namibia,2002,48.7,1,0,6
Namibia,2003,48.1,2,0,6
Namibia,2004,47.1,3,0,6
Namibia,2005,45.3,4,0,6
Namibia,2006,44.1,5,0,6
Namibia,2007,42.7,6,0,6
Namibia,2008,41.3,7,0,6
Namibia,2009,39.2,8,0,6
Namibia,2010,37.5,8,0,6
Namibia,2011,36,8,0,6
Namibia,2012,35.5,8,0,6
Namibia,2013,34.3,8,0,6
Namibia,2014,33.4,8,0,6
Namibia,2015,32.8,8,0,6
Nauru,2001,32.6,1,NA,NA
Nauru,2002,32.1,2,NA,NA
Nauru,2003,31.7,3,NA,NA
Nauru,2004,31.5,3,NA,NA
Nauru,2005,31.5,3,NA,NA
Nauru,2006,31.7,3,NA,NA
Nauru,2007,32,3,NA,NA
Nauru,2008,32.2,3,NA,NA
Nauru,2009,32.2,3,NA,NA
Nauru,2010,32,3,NA,NA
Nauru,2011,31.5,3,NA,NA
Nauru,2012,31,3,NA,NA
Nauru,2013,30.4,3,NA,NA
Nauru,2014,29.7,3,NA,NA
Nauru,2015,29.1,3,NA,NA
Nicaragua,1992,47.1,1,0,6
Nicaragua,1993,45.2,2,0,6
Nicaragua,1994,43.3,3,0,6
Nicaragua,1995,41.4,4,0,8
Nicaragua,1996,39.5,4,0,8
Nicaragua,1997,37.6,4,0,8
Nicaragua,1998,37,4,0,8
Nicaragua,1999,34.2,4,0,8
Nicaragua,2000,32.6,4,0,8
Nicaragua,2001,31.2,4,0,8
Nicaragua,2002,29.8,4,0,8
Nicaragua,2003,28.6,4,0,8
Nicaragua,2004,27.4,4,0,8
Nicaragua,2005,26.3,4,0,8
Nicaragua,2006,25.3,4,0,8
Nicaragua,2007,24.4,4,0,9
Nicaragua,2008,23.5,4,0,9
Nicaragua,2009,22.7,4,0,9
Nicaragua,2010,22,4,0,9
Nicaragua,2011,21.3,4,0,9
Nicaragua,2012,20.6,4,0,9
Nicaragua,2013,20,4,0,9
Nicaragua,2014,19.4,4,0,9
Nicaragua,2015,18.8,4,0,9
Niger,2002,94.1,1,0,4
Niger,2003,90.2,2,0,4
Niger,2004,86.2,3,0,4
Niger,2005,82.3,4,0,4
Niger,2006,78.7,5,0,4
Niger,2007,75.2,6,0,4
Niger,2008,71.9,7,0,4
Niger,2009,68.9,8,0,4
Niger,2010,66.1,8,0,4
Niger,2011,63.7,8,0,4
Niger,2012,61.6,8,0,4
Niger,2013,59.8,8,0,4
Niger,2014,58.4,8,0,4
Niger,2015,57.1,8,1,8
Nigeria,1994,124.4,1,0,8
Nigeria,1995,123.4,2,0,8
Nigeria,1996,121.9,3,6,0
Nigeria,1997,119.9,4,6,0
Nigeria,1998,117.5,5,6,0
Nigeria,1999,114.8,6,1,6
Nigeria,2000,112,7,1,6
Nigeria,2001,109,8,1,6
Nigeria,2002,105.9,9,1,6
Nigeria,2003,102.9,10,1,6
Nigeria,2004,99.8,11,1,7
Nigeria,2005,96.6,12,1,7
Nigeria,2006,93.4,13,1,7
Nigeria,2007,90.3,14,1,7
Nigeria,2008,87.3,15,1,7
Nigeria,2009,84.3,16,3,0
Nigeria,2010,81.5,16,1,4
Nigeria,2011,78.8,16,1,7
Nigeria,2012,76.2,16,1,7
Nigeria,2013,73.8,16,1,7
Nigeria,2014,71.5,16,1,7
Nigeria,2015,69.4,16,1,7
Pakistan,1990,106.1,1,0,8
Pakistan,1991,104.3,2,0,8
Pakistan,1992,102.5,3,0,8
Pakistan,1993,100.7,4,0,8
Pakistan,1994,98.9,5,0,8
Pakistan,1995,97.1,9,0,8
Pakistan,1996,95.2,10,0,8
Pakistan,1997,93.3,11,0,7
Pakistan,1998,91.4,12,0,7
Pakistan,1999,89.5,13,6,0
Pakistan,2000,87.7,13,6,0
Pakistan,2001,86,13,6,0
Pakistan,2002,84.4,13,5,0
Pakistan,2003,82.9,14,5,0
Pakistan,2004,81.4,15,5,0
Pakistan,2005,80,15,5,0
Pakistan,2006,78.7,16,5,0
Pakistan,2007,77.4,17,0,2
Pakistan,2008,76.1,18,0,5
Pakistan,2009,74.8,19,0,5
Pakistan,2010,73.5,20,0,6
Pakistan,2011,72.1,21,0,6
Pakistan,2012,70.6,22,0,6
Pakistan,2013,69.1,23,0,7
Pakistan,2014,67.4,24,0,7
Pakistan,2015,65.8,25,0,7
Panama,1987,28.1,1,8,0
Panama,1988,27.2,2,8,0
Panama,1989,26.4,3,0,8
Panama,1990,25.7,4,0,8
Panama,1991,25.1,4,0,8
Panama,1992,24.6,4,0,8
Panama,1993,24.2,4,0,8
Panama,1994,23.8,4,0,9
Panama,1995,23.5,4,0,9
Panama,1996,23.3,4,0,9
Panama,1997,23,4,0,9
Panama,1998,22.7,4,0,9
Panama,1999,22.3,4,0,9
Panama,2000,21.9,4,0,9
Panama,2001,21.4,4,0,9
Panama,2002,20.9,4,0,9
Panama,2003,20.4,4,0,9
Panama,2004,19.9,4,0,9
Panama,2005,19.4,4,0,9
Panama,2006,19,4,0,9
Panama,2007,18.5,4,0,9
Panama,2008,18,4,0,9
Panama,2009,17.5,4,0,9
Panama,2010,17,4,0,9
Panama,2011,16.5,4,0,9
Panama,2012,16,4,0,9
Panama,2013,15.5,4,0,9
Panama,2014,15.1,4,0,9
Panama,2015,14.6,4,0,9
Paraguay,1995,31.8,1,0,7
Paraguay,1996,30.9,2,0,7
Paraguay,1997,30.1,3,0,7
Paraguay,1998,29.3,3,0,6
Paraguay,1999,28.5,4,0,7
Paraguay,2000,27.7,5,0,7
Paraguay,2001,26.9,6,0,7
Paraguay,2002,26.1,7,0,7
Paraguay,2003,25.3,8,0,8
Paraguay,2004,24.6,9,0,8
Paraguay,2005,23.8,10,0,8
Paraguay,2006,23.1,11,0,8
Paraguay,2007,22.4,12,0,8
Paraguay,2008,21.7,13,1,9
Paraguay,2009,21,14,1,9
Paraguay,2010,20.4,14,1,9
Paraguay,2011,19.8,14,1,9
Paraguay,2012,19.2,14,1,9
Paraguay,2013,18.6,14,0,9
Paraguay,2014,18.1,14,0,9
Paraguay,2015,17.5,14,0,9
Peru,1994,45.4,1,2,3
Peru,1995,42.5,1,2,3
Peru,1996,39.7,2,2,3
Peru,1997,36.9,3,2,3
Peru,1998,34.3,4,2,3
Peru,1999,31.8,4,2,3
Peru,2000,29.6,4,-88,-88
Peru,2001,27.6,4,0,9
Peru,2002,25.7,5,0,9
Peru,2003,24.1,6,0,9
Peru,2004,22.6,7,0,9
Peru,2005,21.3,8,0,9
Peru,2006,20.1,9,0,9
Peru,2007,19,10,0,9
Peru,2008,18,11,0,9
Peru,2009,17.1,12,0,9
Peru,2010,16.3,12,0,9
Peru,2011,15.6,12,0,9
Peru,2012,14.9,12,0,9
Peru,2013,14.2,12,0,9
Peru,2014,13.6,12,0,9
Peru,2015,13.1,12,0,9
Romania,2002,21.6,1,0,8
Romania,2003,20.6,2,0,8
Romania,2004,19.5,3,0,9
Romania,2005,18.2,3,0,9
Romania,2006,16.7,3,0,9
Romania,2007,15.3,3,0,9
Romania,2008,14,3,0,9
Romania,2009,13,3,0,9
Romania,2010,12.1,3,0,9
Romania,2011,11.5,3,0,9
Romania,2012,10.9,3,0,9
Romania,2013,10.5,3,0,9
Romania,2014,10.1,3,NA,9
Romania,2015,9.7,3,0,9
Rwanda,2013,34.7,1,3,0
Rwanda,2014,32.7,1,3,0
Rwanda,2015,31.1,1,3,0
Samoa,2002,17.5,1,NA,NA
Samoa,2003,17.1,2,NA,NA
Samoa,2004,16.8,3,NA,NA
Samoa,2005,16.5,4,NA,NA
Samoa,2006,16.4,5,NA,NA
Samoa,2007,16.2,6,NA,NA
Samoa,2008,16.1,7,NA,NA
Samoa,2009,17,8,NA,NA
Samoa,2010,16,8,NA,NA
Samoa,2011,16,8,NA,NA
Samoa,2012,15.8,8,NA,NA
Samoa,2013,15.6,8,NA,NA
Samoa,2014,15.4,8,NA,NA
Samoa,2015,15,8,NA,NA
San Marino,2000,4.9,1,NA,NA
San Marino,2001,4.6,2,NA,NA
San Marino,2002,4.3,3,NA,NA
San Marino,2003,4.1,4,NA,NA
San Marino,2004,3.9,5,NA,NA
San Marino,2005,3.7,6,NA,NA
San Marino,2006,3.6,7,NA,NA
San Marino,2007,3.4,8,NA,NA
San Marino,2008,3.3,9,NA,NA
San Marino,2009,3.2,10,NA,NA
San Marino,2010,3.1,10,NA,NA
San Marino,2011,3,10,NA,NA
San Marino,2012,2.9,10,NA,NA
San Marino,2013,2.8,10,NA,NA
San Marino,2014,2.7,10,NA,NA
San Marino,2015,2.6,10,NA,NA
Saudi Arabia,1991,32.8,1,10,0
Saudi Arabia,1992,30.3,1,10,0
Saudi Arabia,1993,28.2,1,10,0
Saudi Arabia,1994,26.4,1,10,0
Saudi Arabia,1995,24.8,1,10,0
Saudi Arabia,1996,23.4,1,10,0
Saudi Arabia,1997,22.1,2,10,0
Saudi Arabia,1998,21.1,3,10,0
Saudi Arabia,1999,20.2,4,10,0
Saudi Arabia,2000,19.4,5,10,0
Saudi Arabia,2001,18.7,6,10,0
Saudi Arabia,2002,18.2,7,10,0
Saudi Arabia,2003,17.6,8,10,0
Saudi Arabia,2004,17.2,10,10,0
Saudi Arabia,2005,16.8,11,10,0
Saudi Arabia,2006,16.4,12,10,0
Saudi Arabia,2007,16,12,10,0
Saudi Arabia,2008,15.5,12,10,0
Saudi Arabia,2009,15.1,12,10,0
Saudi Arabia,2010,14.7,12,10,0
Saudi Arabia,2011,14.2,12,10,0
Saudi Arabia,2012,13.8,12,10,0
Saudi Arabia,2013,13.3,12,10,0
Saudi Arabia,2014,12.9,12,10,0
Saudi Arabia,2015,12.5,12,10,0
Senegal,2000,68.5,1,0,8
Senegal,2001,66.4,2,0,8
Senegal,2002,63.9,3,0,8
Senegal,2003,61.3,4,0,8
Senegal,2004,58.8,4,0,8
Senegal,2005,56.3,4,0,8
Senegal,2006,54,4,0,8
Senegal,2007,51.9,4,0,7
Senegal,2008,50,4,0,7
Senegal,2009,48.3,4,0,7
Senegal,2010,46.7,4,0,7
Senegal,2011,45.3,4,0,7
Senegal,2012,44.1,4,0,7
Senegal,2013,43.1,4,0,7
Senegal,2014,42.3,4,0,7
Senegal,2015,41.7,4,0,7
Sierra Leone,2000,143.3,1,-77,-77
Sierra Leone,2001,140.5,2,-88,-88
Sierra Leone,2002,137.7,3,0,5
Sierra Leone,2003,134.6,4,0,5
Sierra Leone,2004,131.4,4,0,5
Sierra Leone,2005,128.1,4,0,5
Sierra Leone,2006,124.5,4,0,5
Sierra Leone,2007,120.5,4,1,8
Sierra Leone,2008,116.2,4,1,8
Sierra Leone,2009,111.7,4,1,8
Sierra Leone,2010,107,4,1,8
Sierra Leone,2011,102.3,4,1,8
Sierra Leone,2012,97.9,4,1,8
Sierra Leone,2013,93.8,4,1,8
Sierra Leone,2014,90.2,4,1,8
Sierra Leone,2015,87.1,4,1,8
Slovenia,2001,4.3,1,0,9
Slovenia,2002,4.1,2,0,9
Slovenia,2003,3.9,3,0,9
Slovenia,2004,3.7,3,0,9
Slovenia,2005,3.5,3,0,9
Slovenia,2006,3.3,3,0,10
Slovenia,2007,3.2,3,0,10
Slovenia,2008,3,3,0,10
Slovenia,2009,2.8,3,0,10
Slovenia,2010,2.7,3,0,10
Slovenia,2011,2.6,3,0,10
Slovenia,2012,2.4,3,0,10
Slovenia,2013,2.3,3,0,10
Slovenia,2014,2.2,3,0,10
Slovenia,2015,2.1,3,0,10
Somalia,2013,90.1,1,0,5
Somalia,2014,87.4,1,0,5
Somalia,2015,85,1,0,5
South Africa,2000,54,1,0,9
South Africa,2001,54.5,2,0,9
South Africa,2002,54.7,3,0,9
South Africa,2003,54.1,4,0,9
South Africa,2004,52.8,5,0,9
South Africa,2005,51.5,6,0,9
South Africa,2006,50,7,0,9
South Africa,2007,48.6,8,0,9
South Africa,2008,46.6,9,0,9
South Africa,2009,41.1,10,0,9
South Africa,2010,38.2,10,0,9
South Africa,2011,37.1,10,0,9
South Africa,2012,36.8,10,0,9
South Africa,2013,35.3,10,0,9
South Africa,2014,34.4,10,0,9
South Africa,2015,33.6,10,0,9
Sri Lanka,2008,10.2,1,1,7
Sri Lanka,2009,9.7,2,1,6
Sri Lanka,2010,9.4,3,1,4
Sri Lanka,2011,9.1,4,1,4
Sri Lanka,2012,8.9,5,1,4
Sri Lanka,2013,8.7,6,1,4
Sri Lanka,2014,8.6,7,1,4
Sri Lanka,2015,8.4,8,1,7
St. Vincent and the Grenadines,2002,19.2,1,NA,NA
St. Vincent and the Grenadines,2003,19.2,2,NA,NA
St. Vincent and the Grenadines,2004,19.1,3,NA,NA
St. Vincent and the Grenadines,2005,19.2,4,NA,NA
St. Vincent and the Grenadines,2006,19.2,5,NA,NA
St. Vincent and the Grenadines,2007,19.2,6,NA,NA
St. Vincent and the Grenadines,2008,19,7,NA,NA
St. Vincent and the Grenadines,2009,18.8,8,NA,NA
St. Vincent and the Grenadines,2010,18.6,8,NA,NA
St. Vincent and the Grenadines,2011,18.2,8,NA,NA
St. Vincent and the Grenadines,2012,17.8,8,NA,NA
St. Vincent and the Grenadines,2013,17.4,8,NA,NA
St. Vincent and the Grenadines,2014,17,8,NA,NA
St. Vincent and the Grenadines,2015,16.6,8,NA,NA
Sudan,1997,72.3,1,7,0
Sudan,1998,70.9,2,7,0
Sudan,1999,69.4,3,7,0
Sudan,2000,67.8,4,7,0
Sudan,2001,66.2,5,7,0
Sudan,2002,64.6,6,6,0
Sudan,2003,63,7,6,0
Sudan,2004,61.4,8,6,0
Sudan,2005,59.9,9,4,0
Sudan,2006,58.5,10,4,0
Sudan,2007,57.1,11,4,0
Sudan,2008,55.8,12,4,0
Sudan,2009,54.5,13,4,0
Sudan,2010,53.3,14,3,1
Sudan,2011,52.2,15,4,0
Sudan,2012,51.1,16,4,0
Sudan,2013,49.9,17,4,0
Sudan,2014,48.8,18,4,0
Sudan,2015,47.6,19,4,0
Sweden,2001,3.4,1,0,10
Sweden,2002,3.3,2,0,10
Sweden,2003,3.2,3,0,10
Sweden,2004,3.1,4,0,10
Sweden,2005,3,5,0,10
Sweden,2006,2.8,6,0,10
Sweden,2007,2.7,7,0,10
Sweden,2008,2.6,8,0,10
Sweden,2009,2.5,9,0,10
Sweden,2010,2.5,9,0,10
Sweden,2011,2.4,9,0,10
Sweden,2012,2.4,9,0,10
Sweden,2013,2.4,9,0,10
Sweden,2014,2.4,9,0,10
Sweden,2015,2.4,9,0,10
Switzerland,2001,4.7,1,NA,NA
Switzerland,2002,4.6,2,NA,NA
Switzerland,2003,4.4,3,NA,NA
Switzerland,2004,4.4,4,NA,NA
Switzerland,2005,4.3,5,NA,NA
Switzerland,2006,4.2,6,NA,NA
Switzerland,2007,4.1,7,NA,NA
Switzerland,2008,4,8,NA,NA
Switzerland,2009,3.9,9,NA,NA
Switzerland,2010,3.9,9,NA,NA
Switzerland,2011,3.8,9,NA,NA
Switzerland,2012,3.7,9,NA,NA
Switzerland,2013,3.6,9,NA,NA
Switzerland,2014,3.5,9,NA,NA
Switzerland,2015,3.4,9,NA,NA
Tajikistan,2000,74.3,1,3,2
Tajikistan,2001,69.7,2,3,2
Tajikistan,2002,65.3,3,3,2
Tajikistan,2003,61,4,4,1
Tajikistan,2004,57.3,4,4,1
Tajikistan,2005,54.1,4,4,1
Tajikistan,2006,51.4,4,4,1
Tajikistan,2007,49.2,4,4,1
Tajikistan,2008,47.4,4,4,1
Tajikistan,2009,46,4,4,1
Tajikistan,2010,44.7,4,4,1
Tajikistan,2011,43.3,4,4,1
Tajikistan,2012,42.1,4,4,1
Tajikistan,2013,40.9,4,4,1
Tajikistan,2014,39.7,4,4,1
Tajikistan,2015,38.5,4,4,1
Tanzania,2002,71.4,1,3,2
Tanzania,2003,67,2,3,2
Tanzania,2004,62.7,3,3,2
Tanzania,2005,58.7,4,3,2
Tanzania,2006,55.2,5,3,2
Tanzania,2007,51.5,6,3,2
Tanzania,2008,48.3,7,3,2
Tanzania,2009,45.6,8,3,2
Tanzania,2010,42.4,8,3,2
Tanzania,2011,40.4,8,3,2
Tanzania,2012,38.8,8,3,2
Tanzania,2013,37.6,8,3,2
Tanzania,2014,36.2,8,3,2
Tanzania,2015,35.2,8,1,4
Thailand,1991,28.8,1,2,1
Thailand,1992,27.3,1,0,9
Thailand,1993,26,1,0,9
Thailand,1994,24.8,1,0,9
Thailand,1995,23.7,1,0,9
Thailand,1996,22.7,1,0,9
Thailand,1997,21.7,1,0,9
Thailand,1998,20.8,1,0,9
Thailand,1999,19.9,1,0,9
Thailand,2000,19.1,1,0,9
Thailand,2001,18.3,1,0,9
Thailand,2002,17.5,1,0,9
Thailand,2003,16.7,1,0,9
Thailand,2004,16,1,0,9
Thailand,2005,15.3,1,0,9
Thailand,2006,14.6,1,5,0
Thailand,2007,14,1,3,2
Thailand,2008,13.4,1,1,5
Thailand,2009,12.9,1,1,5
Thailand,2010,12.5,1,1,5
Thailand,2011,12,1,0,7
Thailand,2012,11.6,1,0,7
Thailand,2013,11.2,1,0,7
Thailand,2014,10.9,1,3,0
Thailand,2015,10.5,1,3,0
Trinidad and Tobago,2000,25.3,1,0,10
Trinidad and Tobago,2001,25.3,2,0,10
Trinidad and Tobago,2002,25.1,3,0,10
Trinidad and Tobago,2003,24.7,4,0,10
Trinidad and Tobago,2004,24.3,5,0,10
Trinidad and Tobago,2005,23.8,6,0,10
Trinidad and Tobago,2006,23.3,7,0,10
Trinidad and Tobago,2007,22.8,8,0,10
Trinidad and Tobago,2008,22.2,9,0,10
Trinidad and Tobago,2009,21.6,10,0,10
Trinidad and Tobago,2010,21,10,0,10
Trinidad and Tobago,2011,20.4,10,0,10
Trinidad and Tobago,2012,19.7,10,0,10
Trinidad and Tobago,2013,19.2,10,0,10
Trinidad and Tobago,2014,18.7,10,0,10
Trinidad and Tobago,2015,18.2,10,0,10
Turkey,1996,40.8,1,1,9
Turkey,1997,38.5,1,1,8
Turkey,1998,36.3,1,1,8
Turkey,1999,34.2,1,1,8
Turkey,2000,32.1,1,1,8
Turkey,2001,30.2,1,1,8
Turkey,2002,28.3,1,1,8
Turkey,2003,26.5,1,1,8
Turkey,2004,24.8,1,1,8
Turkey,2005,23.2,1,1,8
Turkey,2006,21.7,1,1,8
Turkey,2007,20.2,1,1,8
Turkey,2008,18.9,1,1,8
Turkey,2009,17.6,1,1,8
Turkey,2010,16.4,1,1,8
Turkey,2011,15.3,1,0,9
Turkey,2012,14.2,1,0,9
Turkey,2013,13.2,1,0,9
Turkey,2014,12.3,2,1,4
Turkey,2015,11.6,3,1,4
Uganda,2002,81.6,1,4,0
Uganda,2003,76.9,1,4,0
Uganda,2004,72.2,1,4,0
Uganda,2005,67.6,1,2,1
Uganda,2006,63.4,1,2,1
Uganda,2007,59.2,1,2,1
Uganda,2008,55.4,1,2,1
Uganda,2009,52.3,1,2,1
Uganda,2010,49.5,1,2,1
Uganda,2011,46.3,1,2,1
Uganda,2012,42.5,1,2,1
Uganda,2013,41.6,1,2,1
Uganda,2014,39.1,1,2,1
Uganda,2015,37.7,1,2,1
Ukraine,2001,15.1,1,0,6
Ukraine,2002,14.3,5,0,6
Ukraine,2003,13.6,5,0,6
Ukraine,2004,13,5,0,6
Ukraine,2005,12.5,5,0,6
Ukraine,2006,12,5,0,7
Ukraine,2007,11.6,5,0,7
Ukraine,2008,11.1,5,0,7
Ukraine,2009,10.6,5,0,7
Ukraine,2010,10.1,5,0,6
Ukraine,2011,9.6,5,0,6
Ukraine,2012,9.1,5,0,6
Ukraine,2013,8.6,5,0,6
Ukraine,2014,8.1,5,1,5
Ukraine,2015,7.7,5,1,5
Uruguay,2002,13.7,1,0,10
Uruguay,2003,13.3,2,0,10
Uruguay,2004,12.8,3,0,10
Uruguay,2005,12.4,4,0,10
Uruguay,2006,12,5,0,10
Uruguay,2007,11.5,6,0,10
Uruguay,2008,11.2,7,0,10
Uruguay,2009,11,8,0,10
Uruguay,2010,10.6,8,0,10
Uruguay,2011,10.3,8,0,10
Uruguay,2012,10,8,0,10
Uruguay,2013,9.5,8,0,10
Uruguay,2014,9.1,8,0,10
Uruguay,2015,8.7,8,0,10
Uzbekistan,2006,44.6,1,9,0
Uzbekistan,2007,43.3,2,9,0
Uzbekistan,2008,42,3,9,0
Uzbekistan,2009,40.8,4,9,0
Uzbekistan,2010,39.6,4,9,0
Uzbekistan,2011,38.4,4,9,0
Uzbekistan,2012,37.2,4,9,0
Uzbekistan,2013,36.1,4,9,0
Uzbekistan,2014,35,4,9,0
Uzbekistan,2015,33.9,4,9,0
Vietnam,2004,23.2,1,7,0
Vietnam,2005,22.6,2,7,0
Vietnam,2006,22,3,7,0
Vietnam,2007,21.4,3,7,0
Vietnam,2008,20.8,3,7,0
Vietnam,2009,20.3,3,7,0
Vietnam,2010,19.8,3,7,0
Vietnam,2011,19.3,3,7,0
Vietnam,2012,18.8,3,7,0
Vietnam,2013,18.3,3,7,0
Vietnam,2014,17.8,3,7,0
Vietnam,2015,17.3,3,7,0
Zambia,1996,106.1,1,2,3
Zambia,1997,104.6,2,2,3
Zambia,1998,103.1,3,2,3
Zambia,1999,100.9,4,2,3
Zambia,2000,97.6,4,2,3
Zambia,2001,92.7,4,0,5
Zambia,2002,86.5,4,0,5
Zambia,2003,80,4,0,5
Zambia,2004,73.9,4,0,5
Zambia,2005,68.7,4,0,5
Zambia,2006,64.9,4,0,5
Zambia,2007,61.3,4,0,5
Zambia,2008,58.7,4,0,7
Zambia,2009,55.6,4,0,7
Zambia,2010,52.9,4,0,7
Zambia,2011,51.1,4,0,7
Zambia,2012,49,4,0,7
Zambia,2013,46.5,4,0,7
Zambia,2014,44.7,4,0,7
Zambia,2015,43.3,4,0,7
